{"cameraMode":{"drawMode":0,"name":"Shaded","section":"Shading Mode"},"sceneLighting":true,"audioPlay":false,"sceneViewState":{"showFog":true,"showMaterialUpdate":false,"showSkybox":true,"showFlares":true,"showImageEffects":true,"showParticleSystems":true},"in2DMode":false,"pivot":{"x":-0.9599710702896118,"y":4.815868377685547,"z":23.114635467529298},"rotation":{"x":0.11790833622217179,"y":0.012826837599277497,"z":0.0014960895059630275,"w":-0.9929615259170532},"size":14.340808868408204,"orthographic":false}